{
    "parent": "item/generated",
    "textures": {
        "layer0": "item/stick"
    },
    "overrides": [{
        "predicate": {
            "custom_model_data": 1
        },
        "model": "item/custom/fruit_basket"
    }, {
        "predicate": {
            "custom_model_data": 2
        },
        "model": "item/custom/pink_umbrella"
    }, {
        "predicate": {
            "custom_model_data": 3
        },
        "model": "item/custom/red_umbrella"
    }, {
        "predicate": {
            "custom_model_data": 4
        },
        "model": "item/custom/yellow_umbrella"
    }, {
        "predicate": {
            "custom_model_data": 5
        },
        "model": "item/custom/cyan_umbrella"
    }, {
        "predicate": {
            "custom_model_data": 6
        },
        "model": "item/custom/arcade_station"
    }, {
        "predicate": {
            "custom_model_data": 7
        },
        "model": "item/custom/gashapon_station"
    }]
}