{
    "providers": [{
            "type": "bitmap",
            "file": "filter:font/filter_0.1.png",
            "ascent": 2000,
            "height": 4000,
            "chars": [
                "\u0010"
            ]
        },
        {
            "type": "bitmap",
            "file": "filter:font/filter_0.2.png",
            "ascent": 2000,
            "height": 4000,
            "chars": [
                "\u0020"
            ]
        },
        {
            "type": "bitmap",
            "file": "filter:font/filter_0.3.png",
            "ascent": 2000,
            "height": 4000,
            "chars": [
                "\u0030"
            ]
        },
        {
            "type": "bitmap",
            "file": "filter:font/filter_0.4.png",
            "ascent": 2000,
            "height": 4000,
            "chars": [
                "\u0040"
            ]
        },
        {
            "type": "bitmap",
            "file": "filter:font/filter_0.5.png",
            "ascent": 2000,
            "height": 4000,
            "chars": [
                "\u0050"
            ]
        },
        {
            "type": "bitmap",
            "file": "filter:font/filter_0.5.png",
            "ascent": 8,
            "height": 10,
            "chars": [
                "\u0051"
            ]
        },
        {
            "type": "bitmap",
            "file": "filter:font/filter_0.6.png",
            "ascent": 2000,
            "height": 4000,
            "chars": [
                "\u0060"
            ]
        },
        {
            "type": "bitmap",
            "file": "filter:font/filter_0.7.png",
            "ascent": 2000,
            "height": 4000,
            "chars": [
                "\u0070"
            ]
        },
        {
            "type": "bitmap",
            "file": "filter:font/filter_0.8.png",
            "ascent": 2000,
            "height": 4000,
            "chars": [
                "\u0080"
            ]
        },
        {
            "type": "bitmap",
            "file": "filter:font/filter_0.9.png",
            "ascent": 2000,
            "height": 4000,
            "chars": [
                "\u0090"
            ]
        },
        {
            "type": "bitmap",
            "file": "filter:font/filter_1.0.png",
            "ascent": 2000,
            "height": 4000,
            "chars": [
                "\u0100"
            ]
        }
    ]
}