{
	"credit": "Made with Blockbench",
	"texture_size": [128, 128],
	"textures": {
		"0": "item/arcade_station_texture",
		"1": "item/arcade_station",
		"particle": "item/arcade_station"
	},
	"elements": [{
			"from": [2, 0, 2],
			"to": [14, 13, 14],
			"faces": {
				"north": {
					"uv": [1.125, 2.75, 2.625, 4.375],
					"texture": "#0"
				},
				"east": {
					"uv": [2.625, 2.75, 4.125, 4.375],
					"texture": "#0"
				},
				"south": {
					"uv": [3.375, 0, 4.875, 1.625],
					"texture": "#0"
				},
				"west": {
					"uv": [4.125, 1.625, 5.625, 3.25],
					"texture": "#0"
				},
				"up": {
					"uv": [5.625, 4.75, 4.125, 3.25],
					"texture": "#0"
				},
				"down": {
					"uv": [2.625, 4.375, 1.125, 5.875],
					"texture": "#0"
				}
			}
		},
		{
			"from": [3, 13, 5],
			"to": [13, 24, 14],
			"rotation": {
				"angle": 0,
				"axis": "y",
				"origin": [-1, 13, 0]
			},
			"faces": {
				"north": {
					"uv": [5.25, 5.5, 10.25, 10.975],
					"texture": "#1"
				},
				"east": {
					"uv": [1.25, 5.875, 2.375, 7.25],
					"texture": "#0"
				},
				"south": {
					"uv": [0, 5.875, 1.25, 7.25],
					"texture": "#0"
				},
				"west": {
					"uv": [3.875, 6.125, 5, 7.5],
					"texture": "#0"
				},
				"up": {
					"uv": [6.25, 7.25, 5, 6.125],
					"texture": "#0"
				},
				"down": {
					"uv": [7.5, 0, 6.25, 1.125],
					"texture": "#0"
				}
			}
		},
		{
			"from": [2, 24, -1],
			"to": [14, 28.9, 9],
			"rotation": {
				"angle": 0,
				"axis": "y",
				"origin": [-1, 17, 0]
			},
			"faces": {
				"north": {
					"uv": [6.75, 5.5, 8.25, 6.125],
					"texture": "#0"
				},
				"east": {
					"uv": [7.125, 4.125, 8.375, 4.75],
					"texture": "#0"
				},
				"south": {
					"uv": [7.125, 3.5, 8.625, 4.125],
					"texture": "#0"
				},
				"west": {
					"uv": [0, 7.25, 1.25, 7.875],
					"texture": "#0"
				},
				"up": {
					"uv": [7.125, 2.625, 5.625, 1.375],
					"texture": "#0"
				},
				"down": {
					"uv": [7.125, 2.625, 5.625, 3.875],
					"texture": "#0"
				}
			}
		},
		{
			"from": [3, 25, -1.65],
			"to": [13, 32, -0.525],
			"rotation": {
				"angle": 0,
				"axis": "y",
				"origin": [8, 28.5, -1.0375]
			},
			"faces": {
				"north": {
					"uv": [10.75, 0.25, 15.75, 3.75],
					"texture": "#1"
				},
				"east": {
					"uv": [2.375, 5.875, 2.5, 6.75],
					"texture": "#0"
				},
				"south": {
					"uv": [7.125, 2.625, 8.375, 3.5],
					"texture": "#0"
				},
				"west": {
					"uv": [2.5, 5.875, 2.625, 6.75],
					"texture": "#0"
				},
				"up": {
					"uv": [9.375, 7.875, 8.125, 7.75],
					"texture": "#0"
				},
				"down": {
					"uv": [9.125, 8.125, 7.875, 8.25],
					"texture": "#0"
				}
			}
		},
		{
			"from": [2.045, 21.36381, 5.89855],
			"to": [13.955, 27.24381, 12.75855],
			"rotation": {
				"angle": 45,
				"axis": "x",
				"origin": [8, 24.30381, 9.32855]
			},
			"faces": {
				"north": {
					"uv": [7.125, 1.125, 8.625, 1.875],
					"texture": "#0"
				},
				"east": {
					"uv": [1.25, 7.25, 2.125, 8],
					"texture": "#0"
				},
				"south": {
					"uv": [7.125, 1.875, 8.625, 2.625],
					"texture": "#0"
				},
				"west": {
					"uv": [7.75, 6.125, 8.625, 6.875],
					"texture": "#0"
				},
				"up": {
					"uv": [7.125, 4.75, 5.625, 3.875],
					"texture": "#0"
				},
				"down": {
					"uv": [7.75, 6.125, 6.25, 7],
					"texture": "#0"
				}
			}
		},
		{
			"from": [13, 13, 3],
			"to": [14, 24, 14],
			"rotation": {
				"angle": 0,
				"axis": "y",
				"origin": [0, 13, 0]
			},
			"faces": {
				"north": {
					"uv": [4.25, 8, 4.375, 9.375],
					"texture": "#0"
				},
				"east": {
					"uv": [4.875, 0, 6.25, 1.375],
					"texture": "#0"
				},
				"south": {
					"uv": [4.375, 8, 4.5, 9.375],
					"texture": "#0"
				},
				"west": {
					"uv": [5.375, 4.75, 6.75, 6.125],
					"texture": "#0"
				},
				"up": {
					"uv": [4.625, 9.375, 4.5, 8],
					"texture": "#0"
				},
				"down": {
					"uv": [4.75, 8, 4.625, 9.375],
					"texture": "#0"
				}
			}
		},
		{
			"from": [3, 13, 4],
			"to": [13, 16, 5],
			"rotation": {
				"angle": 0,
				"axis": "y",
				"origin": [0, 13, -12]
			},
			"faces": {
				"north": {
					"uv": [0, 7.875, 1.25, 8.25],
					"texture": "#0"
				},
				"east": {
					"uv": [3.875, 2.375, 4, 2.75],
					"texture": "#0"
				},
				"south": {
					"uv": [1.25, 8, 2.5, 8.375],
					"texture": "#0"
				},
				"west": {
					"uv": [4, 2.375, 4.125, 2.75],
					"texture": "#0"
				},
				"up": {
					"uv": [8.75, 1.125, 7.5, 1],
					"texture": "#0"
				},
				"down": {
					"uv": [7.875, 8.125, 6.625, 8.25],
					"texture": "#0"
				}
			}
		},
		{
			"from": [2, 13, 3],
			"to": [3, 24, 14],
			"rotation": {
				"angle": 0,
				"axis": "y",
				"origin": [-11, 13, 0]
			},
			"faces": {
				"north": {
					"uv": [3.75, 8, 3.875, 9.375],
					"texture": "#0"
				},
				"east": {
					"uv": [2.625, 4.375, 4, 5.75],
					"texture": "#0"
				},
				"south": {
					"uv": [3.875, 8, 4, 9.375],
					"texture": "#0"
				},
				"west": {
					"uv": [4, 4.75, 5.375, 6.125],
					"texture": "#0"
				},
				"up": {
					"uv": [4.125, 9.375, 4, 8],
					"texture": "#0"
				},
				"down": {
					"uv": [4.25, 8, 4.125, 9.375],
					"texture": "#0"
				}
			}
		},
		{
			"from": [2, 9, -2],
			"to": [14, 13, 2],
			"faces": {
				"north": {
					"uv": [7.5, 0, 9, 0.5],
					"texture": "#0"
				},
				"east": {
					"uv": [2.5, 8, 3, 8.5],
					"texture": "#0"
				},
				"south": {
					"uv": [7.5, 0.5, 9, 1],
					"texture": "#0"
				},
				"west": {
					"uv": [3, 8, 3.5, 8.5],
					"texture": "#0"
				},
				"up": {
					"uv": [5.125, 8, 3.625, 7.5],
					"texture": "#0"
				},
				"down": {
					"uv": [6.625, 7.75, 5.125, 8.25],
					"texture": "#0"
				}
			}
		},
		{
			"from": [2.045, 6.92489, -2.79747],
			"to": [13.955, 9.86489, 3.08253],
			"rotation": {
				"angle": 45,
				"axis": "x",
				"origin": [8, 6.92489, 0.14253]
			},
			"faces": {
				"north": {
					"uv": [6.625, 7.75, 8.125, 8.125],
					"texture": "#0"
				},
				"east": {
					"uv": [3.375, 1.625, 4.125, 2],
					"texture": "#0"
				},
				"south": {
					"uv": [7.75, 6.875, 9.25, 7.25],
					"texture": "#0"
				},
				"west": {
					"uv": [3.375, 2, 4.125, 2.375],
					"texture": "#0"
				},
				"up": {
					"uv": [8.25, 5.5, 6.75, 4.75],
					"texture": "#0"
				},
				"down": {
					"uv": [7.75, 7, 6.25, 7.75],
					"texture": "#0"
				}
			}
		},
		{
			"from": [10, 13, -0.5],
			"to": [12, 13.5, 1.5],
			"rotation": {
				"angle": 0,
				"axis": "y",
				"origin": [8.44, 14.05, 0.5]
			},
			"faces": {
				"north": {
					"uv": [3.375, 2.625, 3.625, 2.6875],
					"texture": "#0"
				},
				"east": {
					"uv": [3.625, 2.625, 3.875, 2.6875],
					"texture": "#0"
				},
				"south": {
					"uv": [0, 5.75, 0.25, 5.8125],
					"texture": "#0"
				},
				"west": {
					"uv": [0.25, 5.75, 0.5, 5.8125],
					"texture": "#0"
				},
				"up": {
					"uv": [3.625, 2.625, 3.375, 2.375],
					"texture": "#0"
				},
				"down": {
					"uv": [3.875, 2.375, 3.625, 2.625],
					"texture": "#0"
				}
			}
		},
		{
			"from": [4, 13, -0.5],
			"to": [6, 13.5, 1.5],
			"rotation": {
				"angle": 0,
				"axis": "y",
				"origin": [2.44, 14.05, 0.5]
			},
			"faces": {
				"north": {
					"uv": [3.375, 2.625, 3.625, 2.6875],
					"texture": "#0"
				},
				"east": {
					"uv": [3.625, 2.625, 3.875, 2.6875],
					"texture": "#0"
				},
				"south": {
					"uv": [0, 5.75, 0.25, 5.8125],
					"texture": "#0"
				},
				"west": {
					"uv": [0.25, 5.75, 0.5, 5.8125],
					"texture": "#0"
				},
				"up": {
					"uv": [3.625, 2.625, 3.375, 2.375],
					"texture": "#0"
				},
				"down": {
					"uv": [3.875, 2.375, 3.625, 2.625],
					"texture": "#0"
				}
			}
		},
		{
			"from": [4.51, 13.5, 0],
			"to": [5.51, 14, 1],
			"rotation": {
				"angle": 0,
				"axis": "y",
				"origin": [8.05, 14.55, 0.5]
			},
			"faces": {
				"north": {
					"uv": [3.875, 6, 4, 6.0625],
					"texture": "#0"
				},
				"east": {
					"uv": [2.5, 6.75, 2.625, 6.8125],
					"texture": "#0"
				},
				"south": {
					"uv": [2.5, 6.875, 2.625, 6.9375],
					"texture": "#0"
				},
				"west": {
					"uv": [7, 1.125, 7.125, 1.1875],
					"texture": "#0"
				},
				"up": {
					"uv": [0.75, 5.875, 0.625, 5.75],
					"texture": "#0"
				},
				"down": {
					"uv": [0.875, 5.75, 0.75, 5.875],
					"texture": "#0"
				}
			}
		},
		{
			"from": [10.51, 13.5, 0],
			"to": [11.51, 15.5, 1],
			"rotation": {
				"angle": 0,
				"axis": "y",
				"origin": [8.45, 14.05, 0.5]
			},
			"faces": {
				"north": {
					"uv": [4, 4.375, 4.125, 4.625],
					"texture": "#0"
				},
				"east": {
					"uv": [1, 5.5, 1.125, 5.75],
					"texture": "#0"
				},
				"south": {
					"uv": [3.875, 5.75, 4, 6],
					"texture": "#0"
				},
				"west": {
					"uv": [2.375, 6.75, 2.5, 7],
					"texture": "#0"
				},
				"up": {
					"uv": [4.125, 4.75, 4, 4.625],
					"texture": "#0"
				},
				"down": {
					"uv": [0.625, 5.75, 0.5, 5.875],
					"texture": "#0"
				}
			}
		},
		{
			"from": [10.33, 15.32, -0.18],
			"to": [11.69, 16.68, 1.18],
			"rotation": {
				"angle": 0,
				"axis": "y",
				"origin": [8.45, 14.05, 0.5]
			},
			"faces": {
				"north": {
					"uv": [4.875, 1.375, 5.0625, 1.5625],
					"texture": "#0"
				},
				"east": {
					"uv": [5.125, 1.375, 5.3125, 1.5625],
					"texture": "#0"
				},
				"south": {
					"uv": [5.375, 1.375, 5.5625, 1.5625],
					"texture": "#0"
				},
				"west": {
					"uv": [6.25, 1.125, 6.4375, 1.3125],
					"texture": "#0"
				},
				"up": {
					"uv": [6.6875, 1.3125, 6.5, 1.125],
					"texture": "#0"
				},
				"down": {
					"uv": [6.9375, 1.125, 6.75, 1.3125],
					"texture": "#0"
				}
			}
		},
		{
			"from": [4, 1.6, 14],
			"to": [12, 5.6, 14.5],
			"rotation": {
				"angle": 0,
				"axis": "y",
				"origin": [7, 3.6, 14.5]
			},
			"faces": {
				"north": {
					"uv": [5.125, 7.25, 6.125, 7.75],
					"texture": "#0"
				},
				"east": {
					"uv": [2.125, 7.25, 2.1875, 7.75],
					"texture": "#0"
				},
				"south": {
					"uv": [7.75, 7.25, 8.75, 7.75],
					"texture": "#0"
				},
				"west": {
					"uv": [2.25, 7.25, 2.3125, 7.75],
					"texture": "#0"
				},
				"up": {
					"uv": [1, 5.5625, 0, 5.5],
					"texture": "#0"
				},
				"down": {
					"uv": [1, 5.625, 0, 5.6875],
					"texture": "#0"
				}
			}
		},
		{
			"from": [14, 1, 4],
			"to": [14.5, 23, 13],
			"rotation": {
				"angle": 0,
				"axis": "y",
				"origin": [1.5, 1.5, 8.5]
			},
			"faces": {
				"north": {
					"uv": [3.5, 8, 3.5625, 10.75],
					"texture": "#0"
				},
				"east": {
					"uv": [0.25, 0.25, 4.75, 11.25],
					"texture": "#1"
				},
				"south": {
					"uv": [3.625, 8, 3.6875, 10.75],
					"texture": "#0"
				},
				"west": {
					"uv": [1.125, 0, 2.25, 2.75],
					"texture": "#0"
				},
				"up": {
					"uv": [5.0625, 9.125, 5, 8],
					"texture": "#0"
				},
				"down": {
					"uv": [0.0625, 8.25, 0, 9.375],
					"texture": "#0"
				}
			}
		},
		{
			"from": [1.5, 1, 4],
			"to": [2, 23, 13],
			"rotation": {
				"angle": 0,
				"axis": "y",
				"origin": [14.5, 1.5, 8.5]
			},
			"faces": {
				"north": {
					"uv": [3.5625, 8, 3.5, 10.75],
					"texture": "#0"
				},
				"east": {
					"uv": [2.25, 0, 1.125, 2.75],
					"texture": "#0"
				},
				"south": {
					"uv": [3.6875, 8, 3.625, 10.75],
					"texture": "#0"
				},
				"west": {
					"uv": [4.75, 0.25, 0.25, 11.25],
					"texture": "#1"
				},
				"up": {
					"uv": [5, 9.125, 5.0625, 8],
					"texture": "#0"
				},
				"down": {
					"uv": [0, 8.25, 0.0625, 9.375],
					"texture": "#0"
				}
			}
		}
	],
	"display": {
		"thirdperson_righthand": {
			"rotation": [65, 0, 0],
			"translation": [0, 0.75, -0.75],
			"scale": [0.2, 0.2, 0.2]
		},
		"thirdperson_lefthand": {
			"rotation": [65, 0, 0],
			"translation": [0, 0.25, -1.25],
			"scale": [0.2, 0.2, 0.2]
		},
		"firstperson_righthand": {
			"rotation": [0, -180, 0],
			"translation": [-1.75, 0, 0],
			"scale": [0.5, 0.5, 0.5]
		},
		"firstperson_lefthand": {
			"rotation": [0, -180, 0],
			"translation": [-2.5, 0, 0],
			"scale": [0.5, 0.5, 0.5]
		},
		"ground": {
			"translation": [0, -1, 0],
			"scale": [0.3, 0.3, 0.3]
		},
		"gui": {
			"rotation": [30, -138, 0],
			"translation": [-0.25, -3, 0],
			"scale": [0.4, 0.4, 0.4]
		},
		"head": {
			"scale": [0, 0, 0]
		},
		"fixed": {
			"rotation": [-90, 0, 0],
			"translation": [0, 0, -20.5],
			"scale": [2.7, 2.7, 2.7]
		}
	}
}