{
	"credit": "Made with Blockbench",
	"textures": {
		"0": "minecraft:block/barrel_side",
		"1": "minecraft:block/iron_block",
		"2": "minecraft:block/brown_wool",
		"3": "minecraft:block/water_still",
		"particle": "minecraft:block/barrel_side"
	},
	"elements": [{
			"from": [4.5, 0, 4.5],
			"to": [11.5, 0.225, 11.5],
			"rotation": {
				"angle": 0,
				"axis": "y",
				"origin": [8, 0.5, 8]
			},
			"faces": {
				"north": {
					"uv": [0, 0, 7, 0.225],
					"texture": "#1"
				},
				"east": {
					"uv": [0, 0, 7, 0.225],
					"texture": "#1"
				},
				"south": {
					"uv": [0, 0, 16, 1],
					"texture": "#1"
				},
				"west": {
					"uv": [0, 0, 7, 0.225],
					"texture": "#1"
				},
				"up": {
					"uv": [0, 0, 16, 16],
					"texture": "#1"
				},
				"down": {
					"uv": [0, 0, 7, 7],
					"texture": "#1"
				}
			}
		},
		{
			"from": [4.625, 0.425, 4.6],
			"to": [11.375, 0.65, 11.375],
			"rotation": {
				"angle": 0,
				"axis": "y",
				"origin": [8, 0.925, 8]
			},
			"faces": {
				"north": {
					"uv": [0, 0, 6.75, 0.225],
					"texture": "#1"
				},
				"east": {
					"uv": [0, 0, 6.775, 0.225],
					"texture": "#1"
				},
				"south": {
					"uv": [0, 0, 16, 1],
					"texture": "#1"
				},
				"west": {
					"uv": [0, 0, 6.775, 0.225],
					"texture": "#1"
				},
				"up": {
					"uv": [0, 0, 16, 16],
					"texture": "#1"
				},
				"down": {
					"uv": [0, 0, 6.75, 6.775],
					"texture": "#1"
				}
			}
		},
		{
			"from": [4.675, 0.225, 4.7],
			"to": [11.275, 0.45, 11.275],
			"rotation": {
				"angle": 0,
				"axis": "y",
				"origin": [8, 0.725, 8]
			},
			"faces": {
				"north": {
					"uv": [0, 0, 6.6, 0.225],
					"texture": "#1"
				},
				"east": {
					"uv": [0, 0, 6.575, 0.225],
					"texture": "#1"
				},
				"south": {
					"uv": [0, 0, 6.6, 0.225],
					"texture": "#1"
				},
				"west": {
					"uv": [0, 0, 6.575, 0.225],
					"texture": "#1"
				},
				"up": {
					"uv": [0, 0, 6.6, 6.575],
					"texture": "#1"
				},
				"down": {
					"uv": [0, 0, 6.6, 6.575],
					"texture": "#1"
				}
			}
		},
		{
			"from": [5.525, 0.5, 5],
			"to": [10.475, 8.5, 5.575],
			"rotation": {
				"angle": 0,
				"axis": "y",
				"origin": [8, 8, 5.5]
			},
			"faces": {
				"north": {
					"uv": [0, 0, 10, 16],
					"texture": "#0"
				},
				"east": {
					"uv": [0, 0, 2, 16],
					"texture": "#0"
				},
				"south": {
					"uv": [0, 0, 10, 16],
					"texture": "#0"
				},
				"west": {
					"uv": [0, 0, 2, 16],
					"texture": "#0"
				},
				"up": {
					"uv": [0, 0, 4.95, 0.575],
					"texture": "#0"
				},
				"down": {
					"uv": [0, 0, 4.95, 0.575],
					"texture": "#0"
				}
			}
		},
		{
			"from": [5.525, 0.5, 10.625],
			"to": [10.475, 8.5, 11.2],
			"rotation": {
				"angle": 0,
				"axis": "y",
				"origin": [8, 8, 10.7]
			},
			"faces": {
				"north": {
					"uv": [0, 0, 10, 16],
					"texture": "#0"
				},
				"east": {
					"uv": [0, 0, 2, 16],
					"texture": "#0"
				},
				"south": {
					"uv": [0, 0, 10, 16],
					"texture": "#0"
				},
				"west": {
					"uv": [0, 0, 2, 16],
					"texture": "#0"
				},
				"up": {
					"uv": [0, 0.575, 4.95, 1.15],
					"texture": "#0"
				},
				"down": {
					"uv": [0, 0.575, 4.95, 1.15],
					"texture": "#0"
				}
			}
		},
		{
			"from": [10.475, 0.5, 5.575],
			"to": [11.05, 8.5, 10.625],
			"rotation": {
				"angle": 0,
				"axis": "y",
				"origin": [10.975, 8, 8]
			},
			"faces": {
				"north": {
					"uv": [0, 0, 2, 16],
					"texture": "#0"
				},
				"east": {
					"uv": [0, 0, 10, 16],
					"texture": "#0"
				},
				"south": {
					"uv": [0, 0, 2, 16],
					"texture": "#0"
				},
				"west": {
					"uv": [0, 0, 10, 16],
					"texture": "#0"
				},
				"up": {
					"uv": [0, 0.575, 5.05, 1.15],
					"rotation": 90,
					"texture": "#0"
				},
				"down": {
					"uv": [0, 0.575, 5.05, 1.15],
					"rotation": 270,
					"texture": "#0"
				}
			}
		},
		{
			"from": [4.95, 0.5, 5.575],
			"to": [5.525, 8.5, 10.625],
			"rotation": {
				"angle": 0,
				"axis": "y",
				"origin": [5.025, 8, 8]
			},
			"faces": {
				"north": {
					"uv": [0, 0, 2, 16],
					"texture": "#0"
				},
				"east": {
					"uv": [0, 0, 10, 16],
					"texture": "#0"
				},
				"south": {
					"uv": [0, 0, 2, 16],
					"texture": "#0"
				},
				"west": {
					"uv": [0, 0, 10, 16],
					"texture": "#0"
				},
				"up": {
					"uv": [0, 1.15, 5.05, 1.725],
					"rotation": 90,
					"texture": "#0"
				},
				"down": {
					"uv": [0, 1.15, 5.05, 1.725],
					"rotation": 270,
					"texture": "#0"
				}
			}
		},
		{
			"from": [2.525, 0.975, 7.525],
			"to": [5.3, 1.975, 8.4],
			"rotation": {
				"angle": -22.5,
				"axis": "z",
				"origin": [4.8, 1.475, 8]
			},
			"faces": {
				"north": {
					"uv": [0, 0, 16, 7],
					"texture": "#1"
				},
				"east": {
					"uv": [0, 1, 0.875, 2],
					"texture": "#1"
				},
				"south": {
					"uv": [0, 0, 16, 7],
					"texture": "#1"
				},
				"west": {
					"uv": [0, 1, 0.875, 2],
					"texture": "#1"
				},
				"up": {
					"uv": [0, 1, 2.775, 1.875],
					"texture": "#1"
				},
				"down": {
					"uv": [0, 1, 2.775, 1.875],
					"texture": "#1"
				}
			}
		},
		{
			"from": [2.525, 6.4, 7.525],
			"to": [5.3, 7.4, 8.4],
			"rotation": {
				"angle": 22.5,
				"axis": "z",
				"origin": [4.8, 6.9, 8]
			},
			"faces": {
				"north": {
					"uv": [0, 0, 16, 7],
					"texture": "#1"
				},
				"east": {
					"uv": [0, 2, 0.875, 3],
					"texture": "#1"
				},
				"south": {
					"uv": [0, 0, 16, 7],
					"texture": "#1"
				},
				"west": {
					"uv": [0, 2, 0.875, 3],
					"texture": "#1"
				},
				"up": {
					"uv": [0, 2, 2.775, 2.875],
					"texture": "#1"
				},
				"down": {
					"uv": [0, 2, 2.775, 2.875],
					"texture": "#1"
				}
			}
		},
		{
			"from": [2.43183, 1.89133, 7.5],
			"to": [3.43183, 6.49133, 8.5],
			"rotation": {
				"angle": 0,
				"axis": "y",
				"origin": [2.93183, 1.59133, 8]
			},
			"faces": {
				"north": {
					"uv": [0, 0, 16, 16],
					"texture": "#2"
				},
				"east": {
					"uv": [0, 0, 16, 16],
					"texture": "#2"
				},
				"south": {
					"uv": [0, 0, 16, 16],
					"texture": "#2"
				},
				"west": {
					"uv": [0, 0, 16, 16],
					"texture": "#2"
				},
				"up": {
					"uv": [0, 0, 1, 1],
					"texture": "#2"
				},
				"down": {
					"uv": [0, 0, 1, 1],
					"texture": "#2"
				}
			}
		},
		{
			"from": [5.5, 5.575, 5.575],
			"to": [10.5, 6.4, 10.625],
			"rotation": {
				"angle": 0,
				"axis": "y",
				"origin": [8, 5.9, 8]
			},
			"faces": {
				"north": {
					"uv": [0, 0, 5, 4.825],
					"texture": "#3"
				},
				"east": {
					"uv": [0, 0, 5.05, 4.825],
					"texture": "#3"
				},
				"south": {
					"uv": [0, 0, 5, 4.825],
					"texture": "#3"
				},
				"west": {
					"uv": [0, 0, 5.05, 4.825],
					"texture": "#3"
				},
				"up": {
					"uv": [0, 0, 16, 16],
					"texture": "#3"
				},
				"down": {
					"uv": [0, 0, 5, 5.05],
					"texture": "#3"
				}
			}
		}
	],
	"display": {
		"thirdperson_righthand": {
			"rotation": [51, 92, 0],
			"translation": [0, 4.25, 1.25]
		},
		"thirdperson_lefthand": {
			"rotation": [51, -90, 0],
			"translation": [0, 4.25, 1.25]
		},
		"firstperson_righthand": {
			"rotation": [3, 101, 0],
			"translation": [0, 4, 0]
		},
		"firstperson_lefthand": {
			"rotation": [3, -86, 0],
			"translation": [0, 4, 0]
		},
		"ground": {
			"translation": [0, 4.25, 0]
		},
		"gui": {
			"rotation": [14, 163, 0],
			"translation": [0, 5.25, 0],
			"scale": [1.5, 1.5, 1.5]
		},
		"head": {
			"translation": [0, 17.75, 0],
			"scale": [1.42, 1.42, 1.42]
		},
		"fixed": {
			"rotation": [-90, 0, 0],
			"translation": [0, 0, -15],
			"scale": [1.92, 1.92, 1.92]
		}
	}
}