{
	"credit": "Made with Blockbench",
	"texture_size": [64, 64],
	"textures": {
		"0": "item/cyan_umbrella",
		"particle": "item/cyan_umbrella"
	},
	"elements": [{
			"from": [7.5, 0, 7.5],
			"to": [8.5, 29, 8.5],
			"rotation": {
				"angle": 0,
				"axis": "y",
				"origin": [0.5, 0, 0.5]
			},
			"faces": {
				"north": {
					"uv": [6, 2.5, 6.25, 9.75],
					"texture": "#0"
				},
				"east": {
					"uv": [6.25, 2.5, 6.5, 9.75],
					"texture": "#0"
				},
				"south": {
					"uv": [6.5, 2.5, 6.75, 9.75],
					"texture": "#0"
				},
				"west": {
					"uv": [6.75, 2.5, 7, 9.75],
					"texture": "#0"
				},
				"up": {
					"uv": [7.25, 6.25, 7, 6],
					"texture": "#0"
				},
				"down": {
					"uv": [7.25, 6.25, 7, 6.5],
					"texture": "#0"
				}
			}
		},
		{
			"from": [6.5, 29, 6.5],
			"to": [9.5, 30, 9.5],
			"rotation": {
				"angle": -45,
				"axis": "y",
				"origin": [8, 29.5, 8]
			},
			"faces": {
				"north": {
					"uv": [7, 5, 7.75, 5.25],
					"texture": "#0"
				},
				"east": {
					"uv": [7, 5.25, 7.75, 5.5],
					"texture": "#0"
				},
				"south": {
					"uv": [7, 5.5, 7.75, 5.75],
					"texture": "#0"
				},
				"west": {
					"uv": [7, 5.75, 7.75, 6],
					"texture": "#0"
				},
				"up": {
					"uv": [7.75, 3.75, 7, 3],
					"texture": "#0"
				},
				"down": {
					"uv": [7.75, 3.75, 7, 4.5],
					"texture": "#0"
				}
			}
		},
		{
			"from": [9.5, 29, 7.4],
			"to": [25.5, 29.5, 8.4],
			"rotation": {
				"angle": 45,
				"axis": "y",
				"origin": [8, 29.5, 8]
			},
			"faces": {
				"north": {
					"uv": [7, 4.5, 11, 4.75],
					"texture": "#0"
				},
				"east": {
					"uv": [7, 6.5, 7.25, 6.75],
					"texture": "#0"
				},
				"south": {
					"uv": [7, 4.75, 11, 5],
					"texture": "#0"
				},
				"west": {
					"uv": [7, 6.75, 7.25, 7],
					"texture": "#0"
				},
				"up": {
					"uv": [11, 2.75, 7, 2.5],
					"texture": "#0"
				},
				"down": {
					"uv": [11, 2.75, 7, 3],
					"texture": "#0"
				}
			}
		},
		{
			"from": [7.54142, 29, -9.64142],
			"to": [8.54142, 29.5, 6.35858],
			"rotation": {
				"angle": 45,
				"axis": "y",
				"origin": [8.14142, 29.5, 7.85858]
			},
			"faces": {
				"north": {
					"uv": [7, 6.5, 7.25, 6.75],
					"texture": "#0"
				},
				"east": {
					"uv": [7, 4.75, 11, 5],
					"texture": "#0"
				},
				"south": {
					"uv": [7, 6.75, 7.25, 7],
					"texture": "#0"
				},
				"west": {
					"uv": [7, 4.5, 11, 4.75],
					"texture": "#0"
				},
				"up": {
					"uv": [11, 2.75, 7, 2.5],
					"rotation": 270,
					"texture": "#0"
				},
				"down": {
					"uv": [11, 2.75, 7, 3],
					"rotation": 90,
					"texture": "#0"
				}
			}
		},
		{
			"from": [-9.64142, 29, 7.45858],
			"to": [6.35858, 29.5, 8.45858],
			"rotation": {
				"angle": 45,
				"axis": "y",
				"origin": [7.85858, 29.5, 7.85858]
			},
			"faces": {
				"north": {
					"uv": [7, 4.75, 11, 5],
					"texture": "#0"
				},
				"east": {
					"uv": [7, 6.75, 7.25, 7],
					"texture": "#0"
				},
				"south": {
					"uv": [7, 4.5, 11, 4.75],
					"texture": "#0"
				},
				"west": {
					"uv": [7, 6.5, 7.25, 6.75],
					"texture": "#0"
				},
				"up": {
					"uv": [11, 2.75, 7, 2.5],
					"rotation": 180,
					"texture": "#0"
				},
				"down": {
					"uv": [11, 2.75, 7, 3],
					"rotation": 180,
					"texture": "#0"
				}
			}
		},
		{
			"from": [7.6, 29, 9.5],
			"to": [8.6, 29.5, 25.5],
			"rotation": {
				"angle": 45,
				"axis": "y",
				"origin": [8, 29.5, 8]
			},
			"faces": {
				"north": {
					"uv": [7, 6.75, 7.25, 7],
					"texture": "#0"
				},
				"east": {
					"uv": [7, 4.5, 11, 4.75],
					"texture": "#0"
				},
				"south": {
					"uv": [7, 6.5, 7.25, 6.75],
					"texture": "#0"
				},
				"west": {
					"uv": [7, 4.75, 11, 5],
					"texture": "#0"
				},
				"up": {
					"uv": [11, 2.75, 7, 2.5],
					"rotation": 90,
					"texture": "#0"
				},
				"down": {
					"uv": [11, 2.75, 7, 3],
					"rotation": 270,
					"texture": "#0"
				}
			}
		},
		{
			"from": [-4, 29.2, -4],
			"to": [20, 29.2, 20],
			"faces": {
				"north": {
					"uv": [0, 0, 6, 0],
					"texture": "#0"
				},
				"east": {
					"uv": [0, 0, 6, 0],
					"texture": "#0"
				},
				"south": {
					"uv": [0, 0, 6, 0],
					"texture": "#0"
				},
				"west": {
					"uv": [0, 0, 6, 0],
					"texture": "#0"
				},
				"up": {
					"uv": [6, 6, 0, 0],
					"texture": "#0"
				},
				"down": {
					"uv": [6, 6, 0, 12],
					"texture": "#0"
				}
			}
		},
		{
			"from": [-7, 29.2, -9],
			"to": [23, 29.2, -4],
			"rotation": {
				"angle": -45,
				"axis": "x",
				"origin": [8, 29.201, -4]
			},
			"faces": {
				"north": {
					"uv": [0, 0, 7.5, 0],
					"texture": "#0"
				},
				"east": {
					"uv": [0, 0, 1.25, 0],
					"texture": "#0"
				},
				"south": {
					"uv": [0, 0, 7.5, 0],
					"texture": "#0"
				},
				"west": {
					"uv": [0, 0, 1.25, 0],
					"texture": "#0"
				},
				"up": {
					"uv": [13.5, 1.25, 6, 0],
					"texture": "#0"
				},
				"down": {
					"uv": [13.5, 0, 6, 1.25],
					"texture": "#0"
				}
			}
		},
		{
			"from": [-7, 29.2, 20],
			"to": [23, 29.2, 25],
			"rotation": {
				"angle": 45,
				"axis": "x",
				"origin": [8, 29.201, 20]
			},
			"faces": {
				"north": {
					"uv": [7.5, 0, 0, 0],
					"texture": "#0"
				},
				"east": {
					"uv": [1.25, 0, 0, 0],
					"texture": "#0"
				},
				"south": {
					"uv": [7.5, 0, 0, 0],
					"texture": "#0"
				},
				"west": {
					"uv": [1.25, 0, 0, 0],
					"texture": "#0"
				},
				"up": {
					"uv": [13.5, 0, 6, 1.25],
					"texture": "#0"
				},
				"down": {
					"uv": [13.5, 1.25, 6, 0],
					"texture": "#0"
				}
			}
		},
		{
			"from": [20, 29.2, -7],
			"to": [25, 29.2, 23],
			"rotation": {
				"angle": -45,
				"axis": "z",
				"origin": [20, 29.2, 8]
			},
			"faces": {
				"north": {
					"uv": [1.25, 0, 0, 0],
					"texture": "#0"
				},
				"east": {
					"uv": [7.5, 0, 0, 0],
					"texture": "#0"
				},
				"south": {
					"uv": [1.25, 0, 0, 0],
					"texture": "#0"
				},
				"west": {
					"uv": [7.5, 0, 0, 0],
					"texture": "#0"
				},
				"up": {
					"uv": [13.5, 1.25, 6, 2.5],
					"rotation": 270,
					"texture": "#0"
				},
				"down": {
					"uv": [13.5, 2.5, 6, 1.25],
					"rotation": 90,
					"texture": "#0"
				}
			}
		},
		{
			"from": [-9, 29.2, -7],
			"to": [-4, 29.2, 23],
			"rotation": {
				"angle": 45,
				"axis": "z",
				"origin": [-4, 29.2, 8]
			},
			"faces": {
				"north": {
					"uv": [0, 0, 1.25, 0],
					"texture": "#0"
				},
				"east": {
					"uv": [0, 0, 7.5, 0],
					"texture": "#0"
				},
				"south": {
					"uv": [0, 0, 1.25, 0],
					"texture": "#0"
				},
				"west": {
					"uv": [0, 0, 7.5, 0],
					"texture": "#0"
				},
				"up": {
					"uv": [13.5, 2.5, 6, 1.25],
					"rotation": 270,
					"texture": "#0"
				},
				"down": {
					"uv": [13.5, 1.25, 6, 2.5],
					"rotation": 90,
					"texture": "#0"
				}
			}
		}
	],
	"display": {
		"thirdperson_righthand": {
			"translation": [0, -0.25, 1.25],
			"scale": [0.7, 0.7, 0.7]
		},
		"thirdperson_lefthand": {
			"translation": [0, 0, 1.25],
			"scale": [0.7, 0.7, 0.7]
		},
		"firstperson_righthand": {
			"translation": [0, 0.25, 0]
		},
		"ground": {
			"scale": [0.5, 0.5, 0.5]
		},
		"gui": {
			"rotation": [35, 45, 0],
			"translation": [0, -4.75, 0],
			"scale": [0.5, 0.5, 0.5]
		},
		"head": {
			"translation": [0, 1.75, 0],
			"scale": [0.5, 0.5, 0.5]
		},
		"fixed": {
			"rotation": [-90, 0, 0],
			"translation": [0, 0, -32],
			"scale": [4, 4, 4]
		}
	}
}