{
	"credit": "Made with Blockbench",
	"texture_size": [64, 64],
	"textures": {
		"0": "item/fruit_basket_texture",
		"particle": "item/fruit_basket_texture"
	},
	"elements": [{
			"name": "basket_floor",
			"from": [4, 0, 4],
			"to": [12, 1, 12],
			"rotation": {
				"angle": 0,
				"axis": "y",
				"origin": [8, 0.5, 8]
			},
			"faces": {
				"north": {
					"uv": [2, 5.25, 4, 5.5],
					"texture": "#0"
				},
				"east": {
					"uv": [0, 5.25, 2, 5.5],
					"texture": "#0"
				},
				"south": {
					"uv": [6, 5.25, 8, 5.5],
					"texture": "#0"
				},
				"west": {
					"uv": [4, 5.25, 6, 5.5],
					"texture": "#0"
				},
				"up": {
					"uv": [4, 5.25, 2, 3.25],
					"texture": "#0"
				},
				"down": {
					"uv": [6, 3.25, 4, 5.25],
					"texture": "#0"
				}
			}
		},
		{
			"name": "basket_west_cube",
			"from": [3, 1, 4],
			"to": [4, 6, 12],
			"rotation": {
				"angle": 0,
				"axis": "y",
				"origin": [3.5, 3.5, 8]
			},
			"faces": {
				"north": {
					"uv": [6.75, 7.75, 7, 9],
					"texture": "#0"
				},
				"east": {
					"uv": [4.75, 7.75, 6.75, 9],
					"texture": "#0"
				},
				"south": {
					"uv": [9, 7.75, 9.25, 9],
					"texture": "#0"
				},
				"west": {
					"uv": [7, 7.75, 9, 9],
					"texture": "#0"
				},
				"up": {
					"uv": [7, 7.75, 6.75, 5.75],
					"texture": "#0"
				},
				"down": {
					"uv": [7.25, 5.75, 7, 7.75],
					"texture": "#0"
				}
			}
		},
		{
			"name": "basket_east_cube",
			"from": [12, 1, 4],
			"to": [13, 6, 12],
			"rotation": {
				"angle": 0,
				"axis": "y",
				"origin": [12.5, 3.5, 8]
			},
			"faces": {
				"north": {
					"uv": [2, 7.75, 2.25, 9],
					"texture": "#0"
				},
				"east": {
					"uv": [0, 7.75, 2, 9],
					"texture": "#0"
				},
				"south": {
					"uv": [4.25, 7.75, 4.5, 9],
					"texture": "#0"
				},
				"west": {
					"uv": [2.25, 7.75, 4.25, 9],
					"texture": "#0"
				},
				"up": {
					"uv": [2.25, 7.75, 2, 5.75],
					"texture": "#0"
				},
				"down": {
					"uv": [2.5, 5.75, 2.25, 7.75],
					"texture": "#0"
				}
			}
		},
		{
			"name": "basket_north_cube",
			"from": [4, 1, 3],
			"to": [12, 6, 4],
			"rotation": {
				"angle": 0,
				"axis": "y",
				"origin": [8, 3.5, 3.5]
			},
			"faces": {
				"north": {
					"uv": [8, 0.25, 10, 1.5],
					"texture": "#0"
				},
				"east": {
					"uv": [7.75, 0.25, 8, 1.5],
					"texture": "#0"
				},
				"south": {
					"uv": [10.25, 0.25, 12.25, 1.5],
					"texture": "#0"
				},
				"west": {
					"uv": [10, 0.25, 10.25, 1.5],
					"texture": "#0"
				},
				"up": {
					"uv": [10, 0.25, 8, 0],
					"texture": "#0"
				},
				"down": {
					"uv": [12, 0, 10, 0.25],
					"texture": "#0"
				}
			}
		},
		{
			"name": "basket_south_cube",
			"from": [4, 1, 12],
			"to": [12, 6, 13],
			"rotation": {
				"angle": 0,
				"axis": "y",
				"origin": [8, 3.5, 12.5]
			},
			"faces": {
				"north": {
					"uv": [7.75, 6, 9.75, 7.25],
					"texture": "#0"
				},
				"east": {
					"uv": [7.5, 6, 7.75, 7.25],
					"texture": "#0"
				},
				"south": {
					"uv": [10, 6, 12, 7.25],
					"texture": "#0"
				},
				"west": {
					"uv": [9.75, 6, 10, 7.25],
					"texture": "#0"
				},
				"up": {
					"uv": [9.75, 6, 7.75, 5.75],
					"texture": "#0"
				},
				"down": {
					"uv": [11.75, 5.75, 9.75, 6],
					"texture": "#0"
				}
			}
		},
		{
			"name": "basket_binding",
			"from": [2.988, 2.488, 2.988],
			"to": [13.012, 4.512, 13.012],
			"rotation": {
				"angle": 0,
				"axis": "y",
				"origin": [8, 3.5, 8]
			},
			"faces": {
				"north": {
					"uv": [2.5, 2.5, 5, 3],
					"texture": "#0"
				},
				"east": {
					"uv": [0, 2.5, 2.5, 3],
					"texture": "#0"
				},
				"south": {
					"uv": [7.5, 2.5, 10, 3],
					"texture": "#0"
				},
				"west": {
					"uv": [5, 2.5, 7.5, 3],
					"texture": "#0"
				},
				"up": {
					"uv": [5, 2.5, 2.5, 0],
					"texture": "#0"
				},
				"down": {
					"uv": [7.5, 0, 5, 2.5],
					"texture": "#0"
				}
			}
		},
		{
			"name": "handle_east",
			"from": [13, 6, 7],
			"to": [13, 10, 9],
			"rotation": {
				"angle": 0,
				"axis": "y",
				"origin": [13, 6, 8]
			},
			"faces": {
				"north": {
					"uv": [0.5, 6.25, 0.5, 7.25],
					"texture": "#0"
				},
				"east": {
					"uv": [0, 6.25, 0.5, 7.25],
					"texture": "#0"
				},
				"south": {
					"uv": [1, 6.25, 1, 7.25],
					"texture": "#0"
				},
				"west": {
					"uv": [0.5, 6.25, 1, 7.25],
					"texture": "#0"
				},
				"up": {
					"uv": [0.5, 6.25, 0.5, 5.75],
					"texture": "#0"
				},
				"down": {
					"uv": [0.5, 5.75, 0.5, 6.25],
					"texture": "#0"
				}
			}
		},
		{
			"name": "handle_top",
			"from": [3, 10, 7],
			"to": [13, 10, 9],
			"rotation": {
				"angle": 0,
				"axis": "y",
				"origin": [8, 10, 8]
			},
			"faces": {
				"north": {
					"uv": [6.75, 3.75, 9.25, 3.75],
					"texture": "#0"
				},
				"east": {
					"uv": [6.25, 3.75, 6.75, 3.75],
					"texture": "#0"
				},
				"south": {
					"uv": [9.75, 3.75, 12.25, 3.75],
					"texture": "#0"
				},
				"west": {
					"uv": [9.25, 3.75, 9.75, 3.75],
					"texture": "#0"
				},
				"up": {
					"uv": [9.25, 3.75, 6.75, 3.25],
					"texture": "#0"
				},
				"down": {
					"uv": [11.75, 3.25, 9.25, 3.75],
					"texture": "#0"
				}
			}
		},
		{
			"name": "handle_west",
			"from": [3, 6, 7],
			"to": [3, 10, 9],
			"rotation": {
				"angle": 0,
				"axis": "y",
				"origin": [3, 6, 8]
			},
			"faces": {
				"north": {
					"uv": [0.5, 3.75, 0.5, 4.75],
					"texture": "#0"
				},
				"east": {
					"uv": [0, 3.75, 0.5, 4.75],
					"texture": "#0"
				},
				"south": {
					"uv": [1, 3.75, 1, 4.75],
					"texture": "#0"
				},
				"west": {
					"uv": [0.5, 3.75, 1, 4.75],
					"texture": "#0"
				},
				"up": {
					"uv": [0.5, 3.75, 0.5, 3.25],
					"texture": "#0"
				},
				"down": {
					"uv": [0.5, 3.25, 0.5, 3.75],
					"texture": "#0"
				}
			}
		}
	],
	"display": {
		"thirdperson_righthand": {
			"rotation": [68, -16, 0],
			"translation": [0, -2.25, 0]
		},
		"thirdperson_lefthand": {
			"rotation": [68, -16, 0],
			"translation": [0, -2.25, 0]
		},
		"firstperson_righthand": {
			"rotation": [2, 19, 0],
			"translation": [0, 2.75, 0]
		},
		"firstperson_lefthand": {
			"rotation": [2, 19, 0],
			"translation": [0, 2.75, 0]
		},
		"ground": {
			"translation": [0, 3, 0],
			"scale": [0.6, 0.6, 0.6]
		},
		"gui": {
			"rotation": [30, 225, 0],
			"translation": [0, 2.75, 0],
			"scale": [0.95, 0.95, 0.95]
		},
		"head": {
			"rotation": [-177, 0, 0],
			"translation": [0, -3.25, 0],
			"scale": [1.81, 1.81, 1.81]
		},
		"fixed": {
			"rotation": [-90, 0, 0],
			"translation": [0, 0, -18],
			"scale": [2.25, 2.25, 2.25]
		}
	},
	"groups": [{
		"name": "basket",
		"origin": [8, 8, 8],
		"color": 0,
		"children": [0, 1, 2, 3, 4, 5, 6, 7, 8]
	}]
}