{
	"credit": "Made with Blockbench",
	"ambientocclusion": false,
	"texture_size": [128, 128],
	"textures": {
		"0": "item/gashapon_station",
		"particle": "item/gashapon_station"
	},
	"elements": [{
			"from": [1, 0, 1],
			"to": [15, 14, 15],
			"faces": {
				"north": {
					"uv": [0, 0, 1.75, 1.75],
					"texture": "#0"
				},
				"east": {
					"uv": [0, 1.75, 1.75, 3.5],
					"texture": "#0"
				},
				"south": {
					"uv": [1.75, 0, 3.5, 1.75],
					"texture": "#0"
				},
				"west": {
					"uv": [1.75, 1.75, 3.5, 3.5],
					"texture": "#0"
				},
				"up": {
					"uv": [1.75, 5.25, 0, 3.5],
					"texture": "#0"
				},
				"down": {
					"uv": [5.25, 0, 3.5, 1.75],
					"texture": "#0"
				}
			}
		},
		{
			"from": [13, 14, 5],
			"to": [14, 16, 14],
			"faces": {
				"north": {
					"uv": [3.375, 6.5, 3.5, 6.75],
					"texture": "#0"
				},
				"east": {
					"uv": [6.75, 4.25, 7.875, 4.5],
					"texture": "#0"
				},
				"south": {
					"uv": [5.625, 7.25, 5.75, 7.5],
					"texture": "#0"
				},
				"west": {
					"uv": [6.75, 4.5, 7.875, 4.75],
					"texture": "#0"
				},
				"up": {
					"uv": [2.5, 8, 2.375, 6.875],
					"texture": "#0"
				},
				"down": {
					"uv": [5, 7, 4.875, 8.125],
					"texture": "#0"
				}
			}
		},
		{
			"from": [6.5, 14, 5],
			"to": [13, 15, 13],
			"faces": {
				"north": {
					"uv": [7.125, 1.25, 8, 1.375],
					"texture": "#0"
				},
				"east": {
					"uv": [7, 6.125, 8, 6.25],
					"texture": "#0"
				},
				"south": {
					"uv": [7.125, 1.375, 8, 1.5],
					"texture": "#0"
				},
				"west": {
					"uv": [7, 6.25, 8, 6.375],
					"texture": "#0"
				},
				"up": {
					"uv": [3.375, 6.25, 2.5, 5.25],
					"texture": "#0"
				},
				"down": {
					"uv": [3.375, 6.25, 2.5, 7.25],
					"texture": "#0"
				}
			}
		},
		{
			"from": [3, 14, 9],
			"to": [6.5, 15, 13],
			"faces": {
				"north": {
					"uv": [7.125, 2.875, 7.625, 3],
					"texture": "#0"
				},
				"east": {
					"uv": [7.125, 2.625, 7.625, 2.75],
					"texture": "#0"
				},
				"south": {
					"uv": [2.5, 7.25, 3, 7.375],
					"texture": "#0"
				},
				"west": {
					"uv": [7.125, 2.75, 7.625, 2.875],
					"texture": "#0"
				},
				"up": {
					"uv": [6.5, 7.25, 6, 6.75],
					"texture": "#0"
				},
				"down": {
					"uv": [7, 6.75, 6.5, 7.25],
					"texture": "#0"
				}
			}
		},
		{
			"from": [2, 14, 5],
			"to": [3, 16, 14],
			"faces": {
				"north": {
					"uv": [6.75, 7.25, 6.875, 7.5],
					"texture": "#0"
				},
				"east": {
					"uv": [6.75, 4.75, 7.875, 5],
					"texture": "#0"
				},
				"south": {
					"uv": [6.875, 7.25, 7, 7.5],
					"texture": "#0"
				},
				"west": {
					"uv": [4.875, 6.75, 6, 7],
					"texture": "#0"
				},
				"up": {
					"uv": [5.125, 8.125, 5, 7],
					"texture": "#0"
				},
				"down": {
					"uv": [5.25, 7, 5.125, 8.125],
					"texture": "#0"
				}
			}
		},
		{
			"from": [6, 14, 5],
			"to": [6.5, 16, 9],
			"faces": {
				"north": {
					"uv": [4.625, 7.375, 4.75, 7.625],
					"texture": "#0"
				},
				"east": {
					"uv": [5.25, 7, 5.75, 7.25],
					"texture": "#0"
				},
				"south": {
					"uv": [4.75, 7.375, 4.875, 7.625],
					"texture": "#0"
				},
				"west": {
					"uv": [7, 5.875, 7.5, 6.125],
					"texture": "#0"
				},
				"up": {
					"uv": [3, 7.875, 2.875, 7.375],
					"texture": "#0"
				},
				"down": {
					"uv": [3.5, 7.375, 3.375, 7.875],
					"texture": "#0"
				}
			}
		},
		{
			"from": [3, 14, 8.5],
			"to": [6, 16, 9],
			"faces": {
				"north": {
					"uv": [7.125, 1.5, 7.5, 1.75],
					"texture": "#0"
				},
				"east": {
					"uv": [6.5, 7.375, 6.625, 7.625],
					"texture": "#0"
				},
				"south": {
					"uv": [7.125, 1.75, 7.5, 2],
					"texture": "#0"
				},
				"west": {
					"uv": [6.625, 7.375, 6.75, 7.625],
					"texture": "#0"
				},
				"up": {
					"uv": [7.75, 2.375, 7.375, 2.25],
					"texture": "#0"
				},
				"down": {
					"uv": [4.125, 7.375, 3.75, 7.5],
					"texture": "#0"
				}
			}
		},
		{
			"from": [2, 14, 4],
			"to": [14, 16, 5],
			"faces": {
				"north": {
					"uv": [6.5, 3, 8, 3.25],
					"texture": "#0"
				},
				"east": {
					"uv": [7.375, 2, 7.5, 2.25],
					"texture": "#0"
				},
				"south": {
					"uv": [6.75, 3.25, 8.25, 3.5],
					"texture": "#0"
				},
				"west": {
					"uv": [2.5, 7.375, 2.625, 7.625],
					"texture": "#0"
				},
				"up": {
					"uv": [8.25, 5.375, 6.75, 5.25],
					"texture": "#0"
				},
				"down": {
					"uv": [8.25, 5.375, 6.75, 5.5],
					"texture": "#0"
				}
			}
		},
		{
			"from": [3, 14, 13],
			"to": [13, 16, 14],
			"faces": {
				"north": {
					"uv": [6.75, 3.75, 8, 4],
					"texture": "#0"
				},
				"east": {
					"uv": [2.625, 7.375, 2.75, 7.625],
					"texture": "#0"
				},
				"south": {
					"uv": [6.75, 4, 8, 4.25],
					"texture": "#0"
				},
				"west": {
					"uv": [2.75, 7.375, 2.875, 7.625],
					"texture": "#0"
				},
				"up": {
					"uv": [8.25, 5.75, 7, 5.625],
					"texture": "#0"
				},
				"down": {
					"uv": [8.25, 5.75, 7, 5.875],
					"texture": "#0"
				}
			}
		},
		{
			"from": [1, 27, 1],
			"to": [15, 32, 15],
			"faces": {
				"north": {
					"uv": [5.25, 5.5, 7, 6.125],
					"texture": "#0"
				},
				"east": {
					"uv": [5.25, 6.125, 7, 6.75],
					"texture": "#0"
				},
				"south": {
					"uv": [6.5, 0, 8.25, 0.625],
					"texture": "#0"
				},
				"west": {
					"uv": [6.5, 0.625, 8.25, 1.25],
					"texture": "#0"
				},
				"up": {
					"uv": [3.5, 5.25, 1.75, 3.5],
					"texture": "#0"
				},
				"down": {
					"uv": [5.25, 1.75, 3.5, 3.5],
					"texture": "#0"
				}
			}
		},
		{
			"from": [14, 14, 4],
			"to": [15, 27, 14],
			"faces": {
				"north": {
					"uv": [0, 6.875, 0.125, 8.5],
					"texture": "#0"
				},
				"east": {
					"uv": [0, 5.25, 1.25, 6.875],
					"texture": "#0"
				},
				"south": {
					"uv": [0.125, 6.875, 0.25, 8.5],
					"texture": "#0"
				},
				"west": {
					"uv": [5.25, 0, 6.5, 1.625],
					"texture": "#0"
				},
				"up": {
					"uv": [3.5, 6.5, 3.375, 5.25],
					"texture": "#0"
				},
				"down": {
					"uv": [2.125, 6.875, 2, 8.125],
					"texture": "#0"
				}
			}
		},
		{
			"from": [1, 14, 4],
			"to": [2, 27, 14],
			"faces": {
				"north": {
					"uv": [0.25, 6.875, 0.375, 8.5],
					"texture": "#0"
				},
				"east": {
					"uv": [1.25, 5.25, 2.5, 6.875],
					"texture": "#0"
				},
				"south": {
					"uv": [0.375, 6.875, 0.5, 8.5],
					"texture": "#0"
				},
				"west": {
					"uv": [5.25, 1.625, 6.5, 3.25],
					"texture": "#0"
				},
				"up": {
					"uv": [2.25, 8.125, 2.125, 6.875],
					"texture": "#0"
				},
				"down": {
					"uv": [2.375, 6.875, 2.25, 8.125],
					"texture": "#0"
				}
			}
		},
		{
			"from": [1, 14, 14],
			"to": [15, 27, 15],
			"faces": {
				"north": {
					"uv": [3.5, 3.5, 5.25, 5.125],
					"texture": "#0"
				},
				"east": {
					"uv": [0.5, 6.875, 0.625, 8.5],
					"texture": "#0"
				},
				"south": {
					"uv": [3.5, 5.125, 5.25, 6.75],
					"texture": "#0"
				},
				"west": {
					"uv": [0.625, 6.875, 0.75, 8.5],
					"texture": "#0"
				},
				"up": {
					"uv": [8.5, 5.125, 6.75, 5],
					"texture": "#0"
				},
				"down": {
					"uv": [8.5, 5.125, 6.75, 5.25],
					"texture": "#0"
				}
			}
		},
		{
			"from": [2, 25, 4],
			"to": [14, 27, 5],
			"faces": {
				"north": {
					"uv": [3.375, 6.75, 4.875, 7],
					"texture": "#0"
				},
				"east": {
					"uv": [3.5, 7.375, 3.625, 7.625],
					"texture": "#0"
				},
				"south": {
					"uv": [6.75, 3.5, 8.25, 3.75],
					"texture": "#0"
				},
				"west": {
					"uv": [3.625, 7.375, 3.75, 7.625],
					"texture": "#0"
				},
				"up": {
					"uv": [4.875, 7.125, 3.375, 7],
					"texture": "#0"
				},
				"down": {
					"uv": [8.5, 5.5, 7, 5.625],
					"texture": "#0"
				}
			}
		},
		{
			"from": [2, 16, 4.3],
			"to": [14, 25, 4.3],
			"rotation": {
				"angle": 0,
				"axis": "y",
				"origin": [32, 0, 0]
			},
			"faces": {
				"north": {
					"uv": [5.25, 3.25, 6.75, 4.375],
					"texture": "#0"
				},
				"south": {
					"uv": [5.25, 4.375, 6.75, 5.5],
					"texture": "#0"
				}
			}
		},
		{
			"from": [3.77574, 18.07218, 6.2],
			"to": [4.07574, 18.67218, 6.5],
			"rotation": {
				"angle": 0,
				"axis": "z",
				"origin": [3.92574, 18.22218, 6.35]
			},
			"faces": {
				"north": {
					"uv": [6.25, 7.625, 6.375, 7.75],
					"texture": "#0"
				},
				"east": {
					"uv": [6.375, 7.625, 6.5, 7.75],
					"texture": "#0"
				},
				"south": {
					"uv": [6.5, 7.625, 6.625, 7.75],
					"texture": "#0"
				},
				"west": {
					"uv": [6.625, 7.625, 6.75, 7.75],
					"texture": "#0"
				},
				"up": {
					"uv": [7.75, 6.75, 7.625, 6.625],
					"texture": "#0"
				},
				"down": {
					"uv": [6.875, 7.625, 6.75, 7.75],
					"texture": "#0"
				}
			}
		},
		{
			"from": [3.20147, 18.73431, 6.2],
			"to": [4.10147, 19.03431, 6.5],
			"rotation": {
				"angle": -45,
				"axis": "z",
				"origin": [3.65147, 18.88431, 6.35]
			},
			"faces": {
				"north": {
					"uv": [6.125, 7.5, 6.25, 7.625],
					"texture": "#0"
				},
				"east": {
					"uv": [4.75, 7.625, 4.875, 7.75],
					"texture": "#0"
				},
				"south": {
					"uv": [6.25, 7.5, 6.375, 7.625],
					"texture": "#0"
				},
				"west": {
					"uv": [5.625, 7.625, 5.75, 7.75],
					"texture": "#0"
				},
				"up": {
					"uv": [6.5, 7.625, 6.375, 7.5],
					"texture": "#0"
				},
				"down": {
					"uv": [6.875, 7.5, 6.75, 7.625],
					"texture": "#0"
				}
			}
		},
		{
			"from": [2.82929, 19.1, 6.1],
			"to": [3.32929, 19.6, 6.6],
			"rotation": {
				"angle": -45,
				"axis": "z",
				"origin": [3.07929, 19.25, 6.35]
			},
			"faces": {
				"north": {
					"uv": [1.875, 7.625, 2, 7.75],
					"texture": "#0"
				},
				"east": {
					"uv": [7.625, 2.125, 7.75, 2.25],
					"texture": "#0"
				},
				"south": {
					"uv": [2.5, 7.625, 2.625, 7.75],
					"texture": "#0"
				},
				"west": {
					"uv": [2.625, 7.625, 2.75, 7.75],
					"texture": "#0"
				},
				"up": {
					"uv": [7.75, 2.75, 7.625, 2.625],
					"texture": "#0"
				},
				"down": {
					"uv": [2.875, 7.625, 2.75, 7.75],
					"texture": "#0"
				}
			}
		},
		{
			"from": [2.85, 20.5, 6.2],
			"to": [4.15, 20.8, 6.5],
			"rotation": {
				"angle": 45,
				"axis": "z",
				"origin": [4.5, 20.65, 6.35]
			},
			"faces": {
				"north": {
					"uv": [1.25, 7.5, 1.5, 7.625],
					"texture": "#0"
				},
				"east": {
					"uv": [1.625, 7.625, 1.75, 7.75],
					"texture": "#0"
				},
				"south": {
					"uv": [1.5, 7.5, 1.75, 7.625],
					"texture": "#0"
				},
				"west": {
					"uv": [1.75, 7.625, 1.875, 7.75],
					"texture": "#0"
				},
				"up": {
					"uv": [7.75, 1.625, 7.5, 1.5],
					"texture": "#0"
				},
				"down": {
					"uv": [7.75, 1.625, 7.5, 1.75],
					"texture": "#0"
				}
			}
		},
		{
			"from": [4.55711, 19.79289, 6.2],
			"to": [5.85711, 20.09289, 6.5],
			"rotation": {
				"angle": -45,
				"axis": "z",
				"origin": [5.20711, 19.94289, 6.35]
			},
			"faces": {
				"north": {
					"uv": [1.75, 7.5, 2, 7.625],
					"texture": "#0"
				},
				"east": {
					"uv": [4.25, 7.625, 4.375, 7.75],
					"texture": "#0"
				},
				"south": {
					"uv": [7.5, 1.75, 7.75, 1.875],
					"texture": "#0"
				},
				"west": {
					"uv": [4.625, 7.625, 4.75, 7.75],
					"texture": "#0"
				},
				"up": {
					"uv": [7.75, 2, 7.5, 1.875],
					"texture": "#0"
				},
				"down": {
					"uv": [7.75, 2, 7.5, 2.125],
					"texture": "#0"
				}
			}
		},
		{
			"from": [4.89853, 18.73431, 6.2],
			"to": [5.79853, 19.03431, 6.5],
			"rotation": {
				"angle": 45,
				"axis": "z",
				"origin": [5.34853, 18.88431, 6.35]
			},
			"faces": {
				"north": {
					"uv": [5.875, 7.5, 6, 7.625],
					"texture": "#0"
				},
				"east": {
					"uv": [1.375, 7.625, 1.5, 7.75],
					"texture": "#0"
				},
				"south": {
					"uv": [7.5, 5.875, 7.625, 6],
					"texture": "#0"
				},
				"west": {
					"uv": [1.5, 7.625, 1.625, 7.75],
					"texture": "#0"
				},
				"up": {
					"uv": [6.125, 7.625, 6, 7.5],
					"texture": "#0"
				},
				"down": {
					"uv": [7.625, 6, 7.5, 6.125],
					"texture": "#0"
				}
			}
		},
		{
			"from": [5.52929, 19.1, 6.1],
			"to": [6.02929, 19.6, 6.6],
			"rotation": {
				"angle": -45,
				"axis": "z",
				"origin": [5.77929, 19.25, 6.35]
			},
			"faces": {
				"north": {
					"uv": [7.625, 2.75, 7.75, 2.875],
					"texture": "#0"
				},
				"east": {
					"uv": [7.625, 2.875, 7.75, 3],
					"texture": "#0"
				},
				"south": {
					"uv": [3.5, 7.625, 3.625, 7.75],
					"texture": "#0"
				},
				"west": {
					"uv": [3.625, 7.625, 3.75, 7.75],
					"texture": "#0"
				},
				"up": {
					"uv": [4.125, 7.75, 4, 7.625],
					"texture": "#0"
				},
				"down": {
					"uv": [4.25, 7.625, 4.125, 7.75],
					"texture": "#0"
				}
			}
		},
		{
			"from": [4.92426, 18.07218, 6.2],
			"to": [5.22426, 18.67218, 6.5],
			"rotation": {
				"angle": 0,
				"axis": "z",
				"origin": [5.07426, 18.22218, 6.35]
			},
			"faces": {
				"north": {
					"uv": [5.75, 7.625, 5.875, 7.75],
					"texture": "#0"
				},
				"east": {
					"uv": [5.875, 7.625, 6, 7.75],
					"texture": "#0"
				},
				"south": {
					"uv": [7.625, 5.875, 7.75, 6],
					"texture": "#0"
				},
				"west": {
					"uv": [6, 7.625, 6.125, 7.75],
					"texture": "#0"
				},
				"up": {
					"uv": [7.75, 6.125, 7.625, 6],
					"texture": "#0"
				},
				"down": {
					"uv": [6.25, 7.625, 6.125, 7.75],
					"texture": "#0"
				}
			}
		},
		{
			"from": [4.15, 20.3, 5.9],
			"to": [4.85, 21, 6.8],
			"rotation": {
				"angle": -45,
				"axis": "z",
				"origin": [4.5, 20.65, 6.35]
			},
			"faces": {
				"north": {
					"uv": [1.125, 7.625, 1.25, 7.75],
					"texture": "#0"
				},
				"east": {
					"uv": [7.5, 2.125, 7.625, 2.25],
					"texture": "#0"
				},
				"south": {
					"uv": [1.25, 7.625, 1.375, 7.75],
					"texture": "#0"
				},
				"west": {
					"uv": [4, 7.5, 4.125, 7.625],
					"texture": "#0"
				},
				"up": {
					"uv": [5.75, 7.625, 5.625, 7.5],
					"texture": "#0"
				},
				"down": {
					"uv": [5.875, 7.5, 5.75, 7.625],
					"texture": "#0"
				}
			}
		},
		{
			"from": [4.35, 21, 6.2],
			"to": [4.65, 27, 6.5],
			"rotation": {
				"angle": 0,
				"axis": "y",
				"origin": [0.15, 0, 0]
			},
			"faces": {
				"north": {
					"uv": [3.25, 7.25, 3.375, 8],
					"texture": "#0"
				},
				"east": {
					"uv": [5.25, 7.25, 5.375, 8],
					"texture": "#0"
				},
				"south": {
					"uv": [5.375, 7.25, 5.5, 8],
					"texture": "#0"
				},
				"west": {
					"uv": [5.5, 7.25, 5.625, 8],
					"texture": "#0"
				},
				"up": {
					"uv": [1, 7.75, 0.875, 7.625],
					"texture": "#0"
				},
				"down": {
					"uv": [1.125, 7.625, 1, 7.75],
					"texture": "#0"
				}
			}
		},
		{
			"from": [10, 15, 9],
			"to": [12, 17, 11],
			"rotation": {
				"angle": 22.5,
				"axis": "y",
				"origin": [11, 15, 9]
			},
			"faces": {
				"north": {
					"uv": [3.375, 7.875, 3.625, 8.125],
					"texture": "#0"
				},
				"east": {
					"uv": [3.625, 7.875, 3.875, 8.125],
					"texture": "#0"
				},
				"south": {
					"uv": [3.875, 7.875, 4.125, 8.125],
					"texture": "#0"
				},
				"west": {
					"uv": [4.125, 7.875, 4.375, 8.125],
					"texture": "#0"
				},
				"up": {
					"uv": [4.625, 8.125, 4.375, 7.875],
					"texture": "#0"
				},
				"down": {
					"uv": [4.875, 7.875, 4.625, 8.125],
					"texture": "#0"
				}
			}
		},
		{
			"from": [5.88268, 17, 8.92388],
			"to": [7.88268, 19, 10.92388],
			"rotation": {
				"angle": -22.5,
				"axis": "y",
				"origin": [6.88268, 18, 9.92388]
			},
			"faces": {
				"north": {
					"uv": [3.375, 7.875, 3.625, 8.125],
					"texture": "#0"
				},
				"east": {
					"uv": [3.625, 7.875, 3.875, 8.125],
					"texture": "#0"
				},
				"south": {
					"uv": [3.875, 7.875, 4.125, 8.125],
					"texture": "#0"
				},
				"west": {
					"uv": [4.125, 7.875, 4.375, 8.125],
					"texture": "#0"
				},
				"up": {
					"uv": [4.625, 8.125, 4.375, 7.875],
					"texture": "#0"
				},
				"down": {
					"uv": [4.875, 7.875, 4.625, 8.125],
					"texture": "#0"
				}
			}
		},
		{
			"from": [8.98268, 17, 7.22388],
			"to": [10.98268, 19, 9.22388],
			"rotation": {
				"angle": -22.5,
				"axis": "y",
				"origin": [9.98268, 18, 8.22388]
			},
			"faces": {
				"north": {
					"uv": [3.625, 7.125, 3.875, 7.375],
					"texture": "#0"
				},
				"east": {
					"uv": [3.875, 7.125, 4.125, 7.375],
					"texture": "#0"
				},
				"south": {
					"uv": [4.125, 7.125, 4.375, 7.375],
					"texture": "#0"
				},
				"west": {
					"uv": [3.375, 7.125, 3.625, 7.375],
					"texture": "#0"
				},
				"up": {
					"uv": [4.625, 7.375, 4.375, 7.125],
					"rotation": 270,
					"texture": "#0"
				},
				"down": {
					"uv": [4.875, 7.125, 4.625, 7.375],
					"rotation": 90,
					"texture": "#0"
				}
			}
		},
		{
			"from": [10.88268, 17, 9.12388],
			"to": [12.88268, 19, 11.12388],
			"rotation": {
				"angle": 22.5,
				"axis": "y",
				"origin": [11.88268, 18, 10.12388]
			},
			"faces": {
				"north": {
					"uv": [3.375, 7.125, 3.625, 7.375],
					"texture": "#0"
				},
				"east": {
					"uv": [3.625, 7.125, 3.875, 7.375],
					"texture": "#0"
				},
				"south": {
					"uv": [3.875, 7.125, 4.125, 7.375],
					"texture": "#0"
				},
				"west": {
					"uv": [4.125, 7.125, 4.375, 7.375],
					"texture": "#0"
				},
				"up": {
					"uv": [4.625, 7.375, 4.375, 7.125],
					"texture": "#0"
				},
				"down": {
					"uv": [4.875, 7.125, 4.625, 7.375],
					"texture": "#0"
				}
			}
		},
		{
			"from": [10, 15, 6.5],
			"to": [12, 17, 8.5],
			"rotation": {
				"angle": -22.5,
				"axis": "y",
				"origin": [11, 15, 6]
			},
			"faces": {
				"north": {
					"uv": [3.375, 8.1875, 3.625, 8.4375],
					"texture": "#0"
				},
				"east": {
					"uv": [3.625, 8.1875, 3.875, 8.4375],
					"texture": "#0"
				},
				"south": {
					"uv": [3.875, 8.1875, 4.125, 8.4375],
					"texture": "#0"
				},
				"west": {
					"uv": [4.125, 8.1875, 4.375, 8.4375],
					"texture": "#0"
				},
				"up": {
					"uv": [4.625, 8.4375, 4.375, 8.1875],
					"texture": "#0"
				},
				"down": {
					"uv": [4.875, 8.1875, 4.625, 8.4375],
					"texture": "#0"
				}
			}
		},
		{
			"from": [7.12597, 15, 8.28582],
			"to": [9.12597, 17, 10.28582],
			"rotation": {
				"angle": 22.5,
				"axis": "y",
				"origin": [8.12597, 16, 9.28582]
			},
			"faces": {
				"north": {
					"uv": [3.375, 8.1875, 3.625, 8.4375],
					"texture": "#0"
				},
				"east": {
					"uv": [3.625, 8.1875, 3.875, 8.4375],
					"texture": "#0"
				},
				"south": {
					"uv": [3.875, 8.1875, 4.125, 8.4375],
					"texture": "#0"
				},
				"west": {
					"uv": [4.125, 8.1875, 4.375, 8.4375],
					"texture": "#0"
				},
				"up": {
					"uv": [4.625, 8.4375, 4.375, 8.1875],
					"texture": "#0"
				},
				"down": {
					"uv": [4.875, 8.1875, 4.625, 8.4375],
					"texture": "#0"
				}
			}
		},
		{
			"from": [8.2, 19, 8.3],
			"to": [10.2, 21, 10.3],
			"rotation": {
				"angle": -45,
				"axis": "y",
				"origin": [9.2, 19, 8.3]
			},
			"faces": {
				"north": {
					"uv": [7, 7.125, 7.25, 7.375],
					"texture": "#0"
				},
				"east": {
					"uv": [0.75, 7.25, 1, 7.5],
					"texture": "#0"
				},
				"south": {
					"uv": [1, 7.25, 1.25, 7.5],
					"texture": "#0"
				},
				"west": {
					"uv": [1.25, 7.25, 1.5, 7.5],
					"texture": "#0"
				},
				"up": {
					"uv": [1.75, 7.5, 1.5, 7.25],
					"texture": "#0"
				},
				"down": {
					"uv": [2, 7.25, 1.75, 7.5],
					"texture": "#0"
				}
			}
		},
		{
			"from": [4, 15, 10],
			"to": [6, 17, 12],
			"rotation": {
				"angle": 22.5,
				"axis": "y",
				"origin": [5, 15, 10]
			},
			"faces": {
				"north": {
					"uv": [7, 7.125, 7.25, 7.375],
					"texture": "#0"
				},
				"east": {
					"uv": [0.75, 7.25, 1, 7.5],
					"texture": "#0"
				},
				"south": {
					"uv": [1, 7.25, 1.25, 7.5],
					"texture": "#0"
				},
				"west": {
					"uv": [1.25, 7.25, 1.5, 7.5],
					"texture": "#0"
				},
				"up": {
					"uv": [1.75, 7.5, 1.5, 7.25],
					"texture": "#0"
				},
				"down": {
					"uv": [2, 7.25, 1.75, 7.5],
					"texture": "#0"
				}
			}
		},
		{
			"from": [11.48333, 14, 1.4],
			"to": [13.68333, 14.4, 3.7],
			"rotation": {
				"angle": 0,
				"axis": "y",
				"origin": [13.08333, 14, 2]
			},
			"faces": {
				"north": {
					"uv": [7.375, 6.625, 7.625, 6.75],
					"texture": "#0"
				},
				"east": {
					"uv": [5.75, 7.375, 6.125, 7.5],
					"texture": "#0"
				},
				"south": {
					"uv": [7.375, 6.75, 7.625, 6.875],
					"texture": "#0"
				},
				"west": {
					"uv": [6.125, 7.375, 6.5, 7.5],
					"texture": "#0"
				},
				"up": {
					"uv": [6, 7.375, 5.75, 7],
					"texture": "#0"
				},
				"down": {
					"uv": [7.375, 2, 7.125, 2.375],
					"texture": "#0"
				}
			}
		},
		{
			"from": [2.58333, 13.3, 1.4],
			"to": [7.78333, 14.4, 3.7],
			"rotation": {
				"angle": -22.5,
				"axis": "x",
				"origin": [7.18333, 14, 2]
			},
			"faces": {
				"north": {
					"uv": [7.125, 2.375, 7.75, 2.5],
					"texture": "#0"
				},
				"east": {
					"uv": [6, 7.25, 6.375, 7.375],
					"texture": "#0"
				},
				"south": {
					"uv": [7.125, 2.5, 7.75, 2.625],
					"texture": "#0"
				},
				"west": {
					"uv": [6.375, 7.25, 6.75, 7.375],
					"texture": "#0"
				},
				"up": {
					"uv": [1.375, 7.25, 0.75, 6.875],
					"texture": "#0"
				},
				"down": {
					"uv": [2, 6.875, 1.375, 7.25],
					"texture": "#0"
				}
			}
		},
		{
			"from": [12.28333, 14.4, 2.2],
			"to": [12.98333, 15.8, 3],
			"rotation": {
				"angle": 0,
				"axis": "y",
				"origin": [13.08333, 14.4, 2]
			},
			"faces": {
				"north": {
					"uv": [3.75, 7.5, 3.875, 7.75],
					"texture": "#0"
				},
				"east": {
					"uv": [4.125, 7.375, 4.25, 7.625],
					"texture": "#0"
				},
				"south": {
					"uv": [3.875, 7.5, 4, 7.75],
					"texture": "#0"
				},
				"west": {
					"uv": [4.25, 7.375, 4.375, 7.625],
					"texture": "#0"
				},
				"up": {
					"uv": [7, 7.625, 6.875, 7.5],
					"texture": "#0"
				},
				"down": {
					"uv": [7.625, 6.875, 7.5, 7],
					"texture": "#0"
				}
			}
		},
		{
			"from": [5.68333, 14.4, 1.9],
			"to": [6.78333, 14.7, 3.1],
			"rotation": {
				"angle": -22.5,
				"axis": "x",
				"origin": [6.48333, 14.4, 2.1]
			},
			"faces": {
				"north": {
					"uv": [7, 7.5, 7.125, 7.625],
					"texture": "#0"
				},
				"east": {
					"uv": [7.5, 7, 7.625, 7.125],
					"texture": "#0"
				},
				"south": {
					"uv": [7.125, 7.5, 7.25, 7.625],
					"texture": "#0"
				},
				"west": {
					"uv": [7.25, 7.5, 7.375, 7.625],
					"texture": "#0"
				},
				"up": {
					"uv": [0.875, 7.625, 0.75, 7.5],
					"texture": "#0"
				},
				"down": {
					"uv": [1, 7.5, 0.875, 7.625],
					"texture": "#0"
				}
			}
		},
		{
			"from": [3.58333, 14.4, 1.9],
			"to": [4.68333, 14.7, 3.1],
			"rotation": {
				"angle": -22.5,
				"axis": "x",
				"origin": [4.38333, 14.4, 2.1]
			},
			"faces": {
				"north": {
					"uv": [7.375, 7.5, 7.5, 7.625],
					"texture": "#0"
				},
				"east": {
					"uv": [7.5, 7.375, 7.625, 7.5],
					"texture": "#0"
				},
				"south": {
					"uv": [7.5, 7.5, 7.625, 7.625],
					"texture": "#0"
				},
				"west": {
					"uv": [0.75, 7.625, 0.875, 7.75],
					"texture": "#0"
				},
				"up": {
					"uv": [1.125, 7.625, 1, 7.5],
					"texture": "#0"
				},
				"down": {
					"uv": [1.25, 7.5, 1.125, 7.625],
					"texture": "#0"
				}
			}
		},
		{
			"from": [12.08333, 15.8, 2],
			"to": [13.18333, 16.8, 3.2],
			"rotation": {
				"angle": 0,
				"axis": "y",
				"origin": [13.08333, 15.8, 2]
			},
			"faces": {
				"north": {
					"uv": [7.375, 6.875, 7.5, 7],
					"texture": "#0"
				},
				"east": {
					"uv": [7, 7.375, 7.125, 7.5],
					"texture": "#0"
				},
				"south": {
					"uv": [7.375, 7, 7.5, 7.125],
					"texture": "#0"
				},
				"west": {
					"uv": [7.125, 7.375, 7.25, 7.5],
					"texture": "#0"
				},
				"up": {
					"uv": [7.375, 7.5, 7.25, 7.375],
					"texture": "#0"
				},
				"down": {
					"uv": [7.5, 7.375, 7.375, 7.5],
					"texture": "#0"
				}
			}
		},
		{
			"from": [2, 1, 0.6],
			"to": [7, 8, 1],
			"rotation": {
				"angle": 0,
				"axis": "y",
				"origin": [2, 1, 0]
			},
			"faces": {
				"north": {
					"uv": [6.5, 1.25, 7.125, 2.125],
					"texture": "#0"
				},
				"east": {
					"uv": [3, 7.25, 3.125, 8.125],
					"texture": "#0"
				},
				"south": {
					"uv": [6.5, 2.125, 7.125, 3],
					"texture": "#0"
				},
				"west": {
					"uv": [3.125, 7.25, 3.25, 8.125],
					"texture": "#0"
				},
				"up": {
					"uv": [7.875, 7.25, 7.25, 7.125],
					"texture": "#0"
				},
				"down": {
					"uv": [7.875, 7.25, 7.25, 7.375],
					"texture": "#0"
				}
			}
		},
		{
			"from": [2, 9.3, 0.6],
			"to": [4.4, 12.1, 1],
			"rotation": {
				"angle": 0,
				"axis": "y",
				"origin": [2, 9.3, 0]
			},
			"faces": {
				"north": {
					"uv": [7, 6.375, 7.375, 6.75],
					"texture": "#0"
				},
				"east": {
					"uv": [4.375, 7.375, 4.5, 7.75],
					"texture": "#0"
				},
				"south": {
					"uv": [7, 6.75, 7.375, 7.125],
					"texture": "#0"
				},
				"west": {
					"uv": [4.5, 7.375, 4.625, 7.75],
					"texture": "#0"
				},
				"up": {
					"uv": [7.75, 6.5, 7.375, 6.375],
					"texture": "#0"
				},
				"down": {
					"uv": [7.75, 6.5, 7.375, 6.625],
					"texture": "#0"
				}
			}
		}
	],
	"display": {
		"thirdperson_righthand": {
			"rotation": [65, 0, 0],
			"translation": [0, 0.75, -0.75],
			"scale": [0.2, 0.2, 0.2]
		},
		"thirdperson_lefthand": {
			"rotation": [65, 0, 0],
			"translation": [0, 0.25, -1.25],
			"scale": [0.2, 0.2, 0.2]
		},
		"firstperson_righthand": {
			"rotation": [0, -180, 0],
			"translation": [-1.75, 0, 0],
			"scale": [0.5, 0.5, 0.5]
		},
		"firstperson_lefthand": {
			"rotation": [0, -180, 0],
			"translation": [-2.5, 0, 0],
			"scale": [0.5, 0.5, 0.5]
		},
		"ground": {
			"translation": [0, -1, 0],
			"scale": [0.3, 0.3, 0.3]
		},
		"gui": {
			"rotation": [30, -138, 0],
			"translation": [-0.25, -3, 0],
			"scale": [0.4, 0.4, 0.4]
		},
		"head": {
			"scale": [0, 0, 0]
		},
		"fixed": {
			"rotation": [-90, 0, 0],
			"translation": [0, 0, -20.5],
			"scale": [2.7, 2.7, 2.7]
		}
	},
	"groups": [
		0,
		1,
		2,
		3,
		4,
		5,
		6,
		7,
		8,
		9,
		10,
		11,
		12,
		13,
		14,
		{
			"name": "group",
			"origin": [3.65, 0, 0],
			"color": 0,
			"children": [15, 16, 17, 18, 19, 20, 21, 22, 23, 24]
		},
		25,
		26,
		27,
		28,
		29,
		30,
		31,
		32,
		33,
		34,
		35,
		36,
		37,
		38,
		39,
		40
	]
}