{
    "credit": "Made with Blockbench",
    "textures": {
        "0": "item/qg_graffiti",
        "particle": "item/qg_graffiti"
    },
    "elements": [{
        "from": [-5, -5, 8],
        "to": [21, 21, 8],
        "faces": {
            "north": {
                "uv": [0, 0, 16, 16],
                "texture": "#0"
            },
            "east": {
                "uv": [0, 0, 16, 0],
                "rotation": 270,
                "texture": "#missing"
            },
            "south": {
                "uv": [0, 0, 16, 16],
                "texture": "#0"
            },
            "west": {
                "uv": [0, 0, 16, 0],
                "rotation": 90,
                "texture": "#missing"
            },
            "up": {
                "uv": [0, 0, 16, 0],
                "rotation": 180,
                "texture": "#missing"
            },
            "down": {
                "uv": [0, 0, 16, 0],
                "texture": "#missing"
            }
        }
    }],
    "display": {
        "firstperson_righthand": {
            "translation": [-1.75, 4.5, 0]
        },
        "firstperson_lefthand": {
            "translation": [-1.75, 4, 0]
        },
        "head": {
            "translation": [0, -13.5, 3.25]
        },
        "fixed": {
            "translation": [0, 0, -0.01],
            "scale": [4, 4, 4]
        }
    }
}